generation,trait_mean,trait_var,trait_std,breeding_value_mean,breeding_value_var,selection_proportion,n_parents,genetic_gain,cumulative_gain,inbreeding_coeff,selection_intensity,response_to_selection,replicate,seed
1,1.4364686012268066,1.4304367303848267,1.1960086822509766,-0.19024889171123505,0.8176699876785278,0.1,20,1.4830367229878902,1.4830367229878902,,,,1,3009
2,2.4057083129882812,2.020867109298706,1.4215720891952515,0.6742826104164124,0.986143946647644,0.1,20,0.9692397117614746,2.452276434749365,,,,1,3009
3,3.6841561794281006,2.5416948795318604,1.5942693948745728,1.9328093528747559,1.1602489948272705,0.1,20,1.2784478664398193,3.730724301189184,,,,1,3009
4,4.856429576873779,1.6476624011993408,1.2836130857467651,3.1584410667419434,0.7256478071212769,0.1,20,1.1722733974456787,4.902997698634863,,,,1,3009
5,5.705556392669678,1.5152820348739624,1.2309678792953491,3.993000030517578,0.7085233926773071,0.1,20,0.8491268157958984,5.752124514430761,,,,1,3009
6,6.791753768920898,0.844674825668335,0.9190618991851807,5.130877494812012,0.5588444471359253,0.1,20,1.0861973762512207,6.838321890681982,,,,1,3009
7,7.693939208984375,0.9556682705879211,0.9775828719139099,6.034560203552246,0.4306132197380066,0.1,20,0.9021854400634766,7.740507330745459,,,,1,3009
8,8.585054397583008,0.6472341418266296,0.804508626461029,6.9451799392700195,0.3730315864086151,0.1,20,0.8911151885986328,8.631622519344091,,,,1,3009
9,9.485021591186523,0.9525694847106934,0.9759966731071472,7.78542947769165,0.46426859498023987,0.1,20,0.8999671936035156,9.531589712947607,,,,1,3009
10,10.3495454788208,0.8675497174263,0.9314234852790833,8.645042419433594,0.4956396222114563,0.1,20,0.8645238876342773,10.396113600581884,,,,1,3009
11,11.125044822692871,0.6904648542404175,0.8309421539306641,9.495458602905273,0.3139079213142395,0.1,20,0.7754993438720703,11.171612944453955,,,,1,3009
12,11.960776329040527,0.49782848358154297,0.7055696249008179,10.263751029968262,0.2332601696252823,0.1,20,0.8357315063476562,12.007344450801611,,,,1,3009
13,12.502918243408203,0.39751747250556946,0.6304898858070374,10.786810874938965,0.2052696794271469,0.1,20,0.5421419143676758,12.549486365169287,,,,1,3009
14,13.06941032409668,0.36301326751708984,0.6025058031082153,11.365728378295898,0.1621991991996765,0.1,20,0.5664920806884766,13.115978445857763,,,,1,3009
15,13.609169960021973,0.26151716709136963,0.5113874673843384,11.943330764770508,0.15311260521411896,0.1,20,0.539759635925293,13.655738081783056,,,,1,3009
16,14.055386543273926,0.299479603767395,0.5472472906112671,12.369908332824707,0.1625051647424698,0.1,20,0.4462165832519531,14.10195466503501,,,,1,3009
17,14.466462135314941,0.19003337621688843,0.4359281659126282,12.803572654724121,0.08864831924438477,0.1,20,0.4110755920410156,14.513030257076025,,,,1,3009
18,14.85100269317627,0.17947979271411896,0.4236505627632141,13.149930953979492,0.09293018281459808,0.1,20,0.3845405578613281,14.897570814937353,,,,1,3009
19,15.213475227355957,0.1799374222755432,0.42419031262397766,13.558853149414062,0.0866793841123581,0.1,20,0.3624725341796875,15.26004334911704,,,,1,3009
20,15.610363006591797,0.14262400567531586,0.37765592336654663,13.962206840515137,0.07631931453943253,0.1,20,0.39688777923583984,15.65693112835288,,,,1,3009
21,16.004484176635742,0.1069098562002182,0.3269707262516022,14.328144073486328,0.052626095712184906,0.1,20,0.3941211700439453,16.051052298396826,,,,1,3009
22,16.282875061035156,0.1408759355545044,0.3753344416618347,14.61889362335205,0.06694766879081726,0.1,20,0.27839088439941406,16.32944318279624,,,,1,3009
23,16.60308837890625,0.0718461349606514,0.2680412828922272,14.90532112121582,0.03582848608493805,0.1,20,0.32021331787109375,16.649656500667334,,,,1,3009
24,16.80975341796875,0.05726005509495735,0.2392907291650772,15.117420196533203,0.027742328122258186,0.1,20,0.2066650390625,16.856321539729834,,,,1,3009
25,16.94618034362793,0.05343221127986908,0.23115408420562744,15.269198417663574,0.024000301957130432,0.1,20,0.1364269256591797,16.992748465389013,,,,1,3009
26,17.157344818115234,0.03440473601222038,0.1854851394891739,15.467376708984375,0.016609221696853638,0.1,20,0.2111644744873047,17.203912939876318,,,,1,3009
27,17.285085678100586,0.0259126964956522,0.16097420454025269,15.59839916229248,0.012147227302193642,0.1,20,0.12774085998535156,17.33165379986167,,,,1,3009
28,17.38993263244629,0.0126804169267416,0.11260735988616943,15.71395206451416,0.006025807466357946,0.1,20,0.10484695434570312,17.436500754207373,,,,1,3009
29,17.504547119140625,0.008954636752605438,0.0946289449930191,15.82879638671875,0.004686476197093725,0.1,20,0.11461448669433594,17.55111524090171,,,,1,3009
30,17.58177375793457,0.015374529175460339,0.12399406731128693,15.905892372131348,0.006947936490178108,0.1,20,0.07722663879394531,17.628341879695654,,,,1,3009
31,17.67148208618164,0.01569298468530178,0.12527164816856384,16.001008987426758,0.007095708977431059,0.1,20,0.08970832824707031,17.718050207942724,,,,1,3009
32,17.783720016479492,0.013934013433754444,0.11804242432117462,16.099050521850586,0.005519714206457138,0.1,20,0.11223793029785156,17.830288138240576,,,,1,3009
33,17.862756729125977,0.010541042312979698,0.10266958177089691,16.178451538085938,0.005544638726860285,0.1,20,0.07903671264648438,17.90932485088706,,,,1,3009
34,17.937877655029297,0.00732598640024662,0.08559197932481766,16.249502182006836,0.003705604700371623,0.1,20,0.07512092590332031,17.98444577679038,,,,1,3009
35,17.992292404174805,0.003261030651628971,0.05710543319582939,16.309467315673828,0.0017152806976810098,0.1,20,0.05441474914550781,18.03886052593589,,,,1,3009
36,18.02187728881836,0.0003195337194483727,0.01787550561130047,16.338802337646484,0.0001579343224875629,0.1,20,0.029584884643554688,18.068445410579443,,,,1,3009
37,18.029478073120117,4.299158536014147e-05,0.006556796841323376,16.346742630004883,2.2351798179442994e-05,0.1,20,0.0076007843017578125,18.0760461948812,,,,1,3009
38,18.034082412719727,1.7828491763793863e-05,0.004222379997372627,16.351173400878906,8.604365575592965e-06,0.1,20,0.004604339599609375,18.08065053448081,,,,1,3009
39,18.03595733642578,1.5075205510584055e-06,0.0012278113281354308,16.352970123291016,8.704806759851635e-07,0.1,20,0.0018749237060546875,18.082525458186865,,,,1,3009
40,18.036779403686523,6.148184392151812e-12,2.4795533590804553e-06,16.35376739501953,3.637978807091713e-12,0.1,20,0.0008220672607421875,18.083347525447607,,,,1,3009
41,18.036781311035156,3.929017267784163e-12,1.982174808290438e-06,16.35376739501953,3.637978807091713e-12,0.1,20,1.9073486328125e-06,18.08334943279624,,,,1,3009
42,18.036781311035156,3.4378899466808166e-12,1.8541547888162313e-06,16.35376739501953,3.637978807091713e-12,0.1,20,0.0,18.08334943279624,,,,1,3009
43,18.036781311035156,3.5652193003388177e-12,1.8881788719227188e-06,16.35376739501953,3.637978807091713e-12,0.1,20,0.0,18.08334943279624,,,,1,3009
44,18.036779403686523,8.694769730588359e-12,2.9486895982699934e-06,16.35376739501953,3.637978807091713e-12,0.1,20,-1.9073486328125e-06,18.083347525447607,,,,1,3009
45,18.036781311035156,4.674802645682208e-12,2.162129248972633e-06,16.35376739501953,3.637978807091713e-12,0.1,20,1.9073486328125e-06,18.08334943279624,,,,1,3009
46,18.036781311035156,3.892637514407715e-12,1.9729768609977327e-06,16.35376739501953,3.637978807091713e-12,0.1,20,0.0,18.08334943279624,,,,1,3009
47,18.036779403686523,7.021298906867424e-12,2.6497734779695747e-06,16.35376739501953,3.637978807091713e-12,0.1,20,-1.9073486328125e-06,18.083347525447607,,,,1,3009
48,18.036781311035156,4.2382451714839675e-12,2.0586999198712874e-06,16.35376739501953,3.637978807091713e-12,0.1,20,1.9073486328125e-06,18.08334943279624,,,,1,3009
49,18.036781311035156,3.838067450662175e-12,1.959098653969704e-06,16.35376739501953,3.637978807091713e-12,0.1,20,0.0,18.08334943279624,,,,1,3009
50,18.036781311035156,3.983586897848834e-12,1.9958924895036034e-06,16.35376739501953,3.637978807091713e-12,0.1,20,0.0,18.08334943279624,,,,1,3009
51,18.036779403686523,7.294147924552519e-12,2.700767936403281e-06,16.35376739501953,3.637978807091713e-12,0.1,20,-1.9073486328125e-06,18.083347525447607,,,,1,3009
52,18.036781311035156,4.292814801548639e-12,2.0719110125355655e-06,16.35376739501953,3.637978807091713e-12,0.1,20,1.9073486328125e-06,18.08334943279624,,,,1,3009
53,18.036779403686523,7.87622397857568e-12,2.806461225191015e-06,16.35376739501953,3.637978807091713e-12,0.1,20,-1.9073486328125e-06,18.083347525447607,,,,1,3009
54,18.036781311035156,4.311004678236863e-12,2.0762959138664883e-06,16.35376739501953,3.637978807091713e-12,0.1,20,1.9073486328125e-06,18.08334943279624,,,,1,3009
55,18.036781311035156,3.52883954696237e-12,1.878520606624079e-06,16.35376739501953,3.637978807091713e-12,0.1,20,0.0,18.08334943279624,,,,1,3009
56,18.036779403686523,7.021298906867424e-12,2.6497734779695747e-06,16.35376739501953,3.637978807091713e-12,0.1,20,-1.9073486328125e-06,18.083347525447607,,,,1,3009
57,18.036781311035156,3.5652193003388177e-12,1.8881788719227188e-06,16.35376739501953,3.637978807091713e-12,0.1,20,1.9073486328125e-06,18.08334943279624,,,,1,3009
58,18.036781311035156,3.747118067221056e-12,1.9357473775016842e-06,16.35376739501953,3.637978807091713e-12,0.1,20,0.0,18.08334943279624,,,,1,3009
59,18.036781311035156,4.365574741982403e-12,2.0893958208034746e-06,16.35376739501953,3.637978807091713e-12,0.1,20,0.0,18.08334943279624,,,,1,3009
60,18.036781311035156,3.710738313844608e-12,1.926327740875422e-06,16.35376739501953,3.637978807091713e-12,0.1,20,0.0,18.08334943279624,,,,1,3009
61,18.036781311035156,3.910827391095939e-12,1.977581177925458e-06,16.35376739501953,3.637978807091713e-12,0.1,20,0.0,18.08334943279624,,,,1,3009
62,18.036781311035156,3.8744476377194914e-12,1.968361630133586e-06,16.35376739501953,3.637978807091713e-12,0.1,20,0.0,18.08334943279624,,,,1,3009
63,18.036781311035156,4.110916034666401e-12,2.0275394945201697e-06,16.35376739501953,3.637978807091713e-12,0.1,20,0.0,18.08334943279624,,,,1,3009
64,18.036781311035156,3.910827391095939e-12,1.977581177925458e-06,16.35376739501953,3.637978807091713e-12,0.1,20,0.0,18.08334943279624,,,,1,3009
65,18.036781311035156,3.637978807091713e-12,1.9073486328125e-06,16.35376739501953,3.637978807091713e-12,0.1,20,0.0,18.08334943279624,,,,1,3009
66,18.036781311035156,4.474714002111746e-12,2.1153518900973722e-06,16.35376739501953,3.637978807091713e-12,0.1,20,0.0,18.08334943279624,,,,1,3009
67,18.036781311035156,3.9653970211606104e-12,1.9913304640795104e-06,16.35376739501953,3.637978807091713e-12,0.1,20,0.0,18.08334943279624,,,,1,3009
68,18.036781311035156,4.49290387879997e-12,2.1196472062001703e-06,16.35376739501953,3.637978807091713e-12,0.1,20,0.0,18.08334943279624,,,,1,3009
69,18.036779403686523,7.257767737495202e-12,2.6940244879369857e-06,16.35376739501953,3.637978807091713e-12,0.1,20,-1.9073486328125e-06,18.083347525447607,,,,1,3009
70,18.036779403686523,6.893969770049857e-12,2.6256370802002493e-06,16.35376739501953,3.637978807091713e-12,0.1,20,0.0,18.083347525447607,,,,1,3009
71,18.036781311035156,4.438334248735298e-12,2.1067353372927755e-06,16.35376739501953,3.637978807091713e-12,0.1,20,1.9073486328125e-06,18.08334943279624,,,,1,3009
72,18.036781311035156,3.7653079439092796e-12,1.940440142789157e-06,16.35376739501953,3.637978807091713e-12,0.1,20,0.0,18.08334943279624,,,,1,3009
73,18.036779403686523,6.930349523426305e-12,2.632555606396636e-06,16.35376739501953,3.637978807091713e-12,0.1,20,-1.9073486328125e-06,18.083347525447607,,,,1,3009
74,18.036781311035156,3.692548437156384e-12,1.9216004147892818e-06,16.35376739501953,3.637978807091713e-12,0.1,20,1.9073486328125e-06,18.08334943279624,,,,1,3009
75,18.036781311035156,3.510649453433712e-12,1.8736727724899538e-06,16.35376739501953,3.637978807091713e-12,0.1,20,0.0,18.08334943279624,,,,1,3009
76,18.036781311035156,3.9653970211606104e-12,1.9913304640795104e-06,16.35376739501953,3.637978807091713e-12,0.1,20,0.0,18.08334943279624,,,,1,3009
77,18.036779403686523,7.78527502881543e-12,2.7902106012334116e-06,16.35376739501953,3.637978807091713e-12,0.1,20,-1.9073486328125e-06,18.083347525447607,,,,1,3009
78,18.036781311035156,3.547029423650594e-12,1.8833559352060547e-06,16.35376739501953,3.637978807091713e-12,0.1,20,1.9073486328125e-06,18.08334943279624,,,,1,3009
79,18.036781311035156,3.7653079439092796e-12,1.940440142789157e-06,16.35376739501953,3.637978807091713e-12,0.1,20,0.0,18.08334943279624,,,,1,3009
80,18.036781311035156,3.692548437156384e-12,1.9216004147892818e-06,16.35376739501953,3.637978807091713e-12,0.1,20,0.0,18.08334943279624,,,,1,3009
81,18.036781311035156,3.656168683779937e-12,1.9121109744446585e-06,16.35376739501953,3.637978807091713e-12,0.1,20,0.0,18.08334943279624,,,,1,3009
82,18.036779403686523,7.639755147947902e-12,2.764010787359439e-06,16.35376739501953,3.637978807091713e-12,0.1,20,-1.9073486328125e-06,18.083347525447607,,,,1,3009
83,18.036781311035156,4.0563464046017295e-12,2.0140373635513242e-06,16.35376739501953,3.637978807091713e-12,0.1,20,1.9073486328125e-06,18.08334943279624,,,,1,3009
84,18.036781311035156,3.547029423650594e-12,1.8833559352060547e-06,16.35376739501953,3.637978807091713e-12,0.1,20,0.0,18.08334943279624,,,,1,3009
85,18.036781311035156,4.401954495358851e-12,2.098083541568485e-06,16.35376739501953,3.637978807091713e-12,0.1,20,0.0,18.08334943279624,,,,1,3009
86,18.036781311035156,3.3287506865514738e-12,1.824486389523372e-06,16.35376739501953,3.637978807091713e-12,0.1,20,0.0,18.08334943279624,,,,1,3009
87,18.036781311035156,4.1472957880428485e-12,2.0364909687486943e-06,16.35376739501953,3.637978807091713e-12,0.1,20,0.0,18.08334943279624,,,,1,3009
88,18.036781311035156,4.220055294795744e-12,2.054277274510241e-06,16.35376739501953,3.637978807091713e-12,0.1,20,0.0,18.08334943279624,,,,1,3009
89,18.036779403686523,7.821654782191878e-12,2.796722128550755e-06,16.35376739501953,3.637978807091713e-12,0.1,20,-1.9073486328125e-06,18.083347525447607,,,,1,3009
90,18.036781311035156,3.656168683779937e-12,1.9121109744446585e-06,16.35376739501953,3.637978807091713e-12,0.1,20,1.9073486328125e-06,18.08334943279624,,,,1,3009
91,18.036779403686523,6.8394001399851856e-12,2.615224730107002e-06,16.35376739501953,3.637978807091713e-12,0.1,20,-1.9073486328125e-06,18.083347525447607,,,,1,3009
92,18.036781311035156,3.947207144472387e-12,1.986757979466347e-06,16.35376739501953,3.637978807091713e-12,0.1,20,1.9073486328125e-06,18.08334943279624,,,,1,3009
93,18.036781311035156,3.892637514407715e-12,1.9729768609977327e-06,16.35376739501953,3.637978807091713e-12,0.1,20,0.0,18.08334943279624,,,,1,3009
94,18.036781311035156,3.983586897848834e-12,1.9958924895036034e-06,16.35376739501953,3.637978807091713e-12,0.1,20,0.0,18.08334943279624,,,,1,3009
95,18.036779403686523,8.45830089996058e-12,2.9083157642162405e-06,16.35376739501953,3.637978807091713e-12,0.1,20,-1.9073486328125e-06,18.083347525447607,,,,1,3009
96,18.036779403686523,7.5851859515641e-12,2.7541216240933863e-06,16.35376739501953,3.637978807091713e-12,0.1,20,0.0,18.083347525447607,,,,1,3009
97,18.036781311035156,3.31056080986325e-12,1.8194946278526913e-06,16.35376739501953,3.637978807091713e-12,0.1,20,1.9073486328125e-06,18.08334943279624,,,,1,3009
98,18.036779403686523,7.712514654700797e-12,2.77714138974261e-06,16.35376739501953,3.637978807091713e-12,0.1,20,-1.9073486328125e-06,18.083347525447607,,,,1,3009
99,18.036781311035156,4.256435048172191e-12,2.063113015537965e-06,16.35376739501953,3.637978807091713e-12,0.1,20,1.9073486328125e-06,18.08334943279624,,,,1,3009
100,18.036779403686523,6.76664063323229e-12,2.6012767193606123e-06,16.35376739501953,3.637978807091713e-12,0.1,20,-1.9073486328125e-06,18.083347525447607,,,,1,3009
1,1.2146066427230835,1.4155426025390625,1.1897658109664917,-0.8363155126571655,0.8089499473571777,0.1,20,1.1831041239202023,1.1831041239202023,,,,2,2115
2,2.1329782009124756,1.3829126358032227,1.1759730577468872,0.12866736948490143,0.7530403733253479,0.1,20,0.9183715581893921,2.1014756821095943,,,,2,2115
3,3.186171770095825,1.265946388244629,1.1251428127288818,1.1597700119018555,0.6450539231300354,0.1,20,1.0531935691833496,3.154669251292944,,,,2,2115
4,4.108234882354736,1.1295702457427979,1.0628124475479126,2.102240800857544,0.593406081199646,0.1,20,0.9220631122589111,4.076732363551855,,,,2,2115
5,5.319868564605713,1.0949326753616333,1.0463902950286865,3.26334285736084,0.5428259372711182,0.1,20,1.2116336822509766,5.288366045802832,,,,2,2115
6,6.233376979827881,0.7209656238555908,0.849096953868866,4.248382091522217,0.39460253715515137,0.1,20,0.913508415222168,6.201874461025,,,,2,2115
7,6.926341533660889,0.8140826225280762,0.9022652506828308,4.950875759124756,0.4246825873851776,0.1,20,0.6929645538330078,6.894839014858007,,,,2,2115
8,7.79107141494751,0.8085815906524658,0.8992116451263428,5.793287754058838,0.3768436312675476,0.1,20,0.8647298812866211,7.7595688961446285,,,,2,2115
9,8.4279146194458,0.721740186214447,0.8495529294013977,6.400022506713867,0.33419105410575867,0.1,20,0.636843204498291,8.39641210064292,,,,2,2115
10,9.217005729675293,0.6622238755226135,0.8137713670730591,7.215150833129883,0.3548039197921753,0.1,20,0.7890911102294922,9.185503210872412,,,,2,2115
11,9.908686637878418,0.5818360447883606,0.7627817988395691,7.947381496429443,0.29164496064186096,0.1,20,0.691680908203125,9.877184119075537,,,,2,2115
12,10.716482162475586,0.3772781789302826,0.6142297387123108,8.739164352416992,0.1930096596479416,0.1,20,0.807795524597168,10.684979643672705,,,,2,2115
13,11.094247817993164,0.3433738350868225,0.5859810709953308,9.112528800964355,0.18451780080795288,0.1,20,0.3777656555175781,11.062745299190283,,,,2,2115
14,11.552478790283203,0.3221840560436249,0.5676125884056091,9.544849395751953,0.17382130026817322,0.1,20,0.45823097229003906,11.520976271480322,,,,2,2115
15,12.168013572692871,0.2591020464897156,0.5090206861495972,10.200843811035156,0.1604042649269104,0.1,20,0.615534782409668,12.13651105388999,,,,2,2115
16,12.563779830932617,0.24634870886802673,0.4963352680206299,10.575008392333984,0.13599339127540588,0.1,20,0.3957662582397461,12.532277312129736,,,,2,2115
17,13.082403182983398,0.21112623810768127,0.4594847559928894,11.077741622924805,0.11454302817583084,0.1,20,0.5186233520507812,13.050900664180517,,,,2,2115
18,13.493523597717285,0.21263019740581512,0.4611184298992157,11.520529747009277,0.10714094340801239,0.1,20,0.4111204147338867,13.462021078914404,,,,2,2115
19,13.904390335083008,0.1441771388053894,0.37970665097236633,11.886646270751953,0.07619588077068329,0.1,20,0.41086673736572266,13.872887816280127,,,,2,2115
20,14.291082382202148,0.19147178530693054,0.4375748932361603,12.245805740356445,0.09043338894844055,0.1,20,0.3866920471191406,14.259579863399267,,,,2,2115
21,14.656770706176758,0.11773784458637238,0.3431294858455658,12.655492782592773,0.05820586532354355,0.1,20,0.3656883239746094,14.625268187373877,,,,2,2115
22,14.945413589477539,0.07050763070583344,0.2655327320098877,12.932071685791016,0.04166889190673828,0.1,20,0.28864288330078125,14.913911070674658,,,,2,2115
23,15.1741943359375,0.07913824915885925,0.2813152074813843,13.165102005004883,0.042934104800224304,0.1,20,0.22878074645996094,15.142691817134619,,,,2,2115
24,15.416980743408203,0.08100074529647827,0.28460630774497986,13.399306297302246,0.03408696874976158,0.1,20,0.24278640747070312,15.385478224605322,,,,2,2115
25,15.670148849487305,0.05849785730242729,0.24186331033706665,13.663935661315918,0.031348682940006256,0.1,20,0.25316810607910156,15.638646330684423,,,,2,2115
26,15.923029899597168,0.05192582681775093,0.22787238657474518,13.90813159942627,0.02853511832654476,0.1,20,0.2528810501098633,15.891527380794287,,,,2,2115
27,16.1039981842041,0.05819569155573845,0.2412378340959549,14.102227210998535,0.034861475229263306,0.1,20,0.1809682846069336,16.07249566540122,,,,2,2115
28,16.297754287719727,0.06957504898309708,0.26377081871032715,14.276660919189453,0.034435857087373734,0.1,20,0.193756103515625,16.266251768916845,,,,2,2115
29,16.4907169342041,0.05657929554581642,0.23786403238773346,14.493885040283203,0.026242580264806747,0.1,20,0.192962646484375,16.45921441540122,,,,2,2115
30,16.671220779418945,0.052666403353214264,0.22949162125587463,14.66051959991455,0.026774059981107712,0.1,20,0.18050384521484375,16.639718260616064,,,,2,2115
31,16.82958984375,0.0504913367331028,0.22470277547836304,14.825276374816895,0.026659905910491943,0.1,20,0.1583690643310547,16.79808732494712,,,,2,2115
32,16.993850708007812,0.021823875606060028,0.1477290540933609,14.986132621765137,0.01368237379938364,0.1,20,0.1642608642578125,16.96234818920493,,,,2,2115
33,17.133691787719727,0.02356211468577385,0.1534995585680008,15.111477851867676,0.014421570114791393,0.1,20,0.13984107971191406,17.102189268916845,,,,2,2115
34,17.268341064453125,0.028179312124848366,0.16786694526672363,15.268251419067383,0.01384222786873579,0.1,20,0.13464927673339844,17.236838545650244,,,,2,2115
35,17.437246322631836,0.013584475964307785,0.1165524572134018,15.423819541931152,0.006831943988800049,0.1,20,0.16890525817871094,17.405743803828955,,,,2,2115
36,17.536392211914062,0.013136599212884903,0.11461500078439713,15.526777267456055,0.006183493882417679,0.1,20,0.09914588928222656,17.50488969311118,,,,2,2115
37,17.630313873291016,0.015761535614728928,0.1255449503660202,15.630534172058105,0.007545147091150284,0.1,20,0.09392166137695312,17.598811354488134,,,,2,2115
38,17.73479461669922,0.009050272405147552,0.09513291716575623,15.725460052490234,0.004763033706694841,0.1,20,0.10448074340820312,17.703292097896338,,,,2,2115
39,17.810771942138672,0.010133611038327217,0.10066583752632141,15.804903984069824,0.004629697185009718,0.1,20,0.07597732543945312,17.77926942333579,,,,2,2115
40,17.91240119934082,0.011721739545464516,0.10826697945594788,15.890556335449219,0.006026837974786758,0.1,20,0.10162925720214844,17.88089868053794,,,,2,2115
41,17.994138717651367,0.012095591984689236,0.10997996479272842,15.98659896850586,0.006534622982144356,0.1,20,0.08173751831054688,17.962636198848486,,,,2,2115
42,18.077558517456055,0.009304058738052845,0.09645754843950272,16.067899703979492,0.005168371833860874,0.1,20,0.0834197998046875,18.046055998653173,,,,2,2115
43,18.161663055419922,0.008053942583501339,0.08974376320838928,16.147869110107422,0.004170908592641354,0.1,20,0.08410453796386719,18.13016053661704,,,,2,2115
44,18.228435516357422,0.00653028953820467,0.08081020414829254,16.223051071166992,0.003243755316361785,0.1,20,0.0667724609375,18.19693299755454,,,,2,2115
45,18.292356491088867,0.002709936583414674,0.05205705016851425,16.28207778930664,0.0012039761058986187,0.1,20,0.06392097473144531,18.260853972285986,,,,2,2115
46,18.331636428833008,0.0008424563566222787,0.02902509830892086,16.32691192626953,0.0004341264721006155,0.1,20,0.039279937744140625,18.300133910030127,,,,2,2115
47,18.360746383666992,0.00035521783865988255,0.01884722337126732,16.351804733276367,0.00018346792785450816,0.1,20,0.029109954833984375,18.32924386486411,,,,2,2115
48,18.37118911743164,7.478304178221151e-05,0.008647718466818333,16.363414764404297,3.9164013287518173e-05,0.1,20,0.010442733764648438,18.33968659862876,,,,2,2115
49,18.37637710571289,1.4052029939648492e-07,0.0003748603630810976,16.368717193603516,6.810729047401765e-08,0.1,20,0.00518798828125,18.34487458691001,,,,2,2115
50,18.376569747924805,7.346308734668128e-07,0.0008571061189286411,16.368913650512695,3.40301767209894e-07,0.1,20,0.0001926422119140625,18.345067229121923,,,,2,2115
51,18.376707077026367,8.276402133078342e-12,2.8768736228812486e-06,16.3690185546875,1.4551915228366852e-11,0.1,20,0.0001373291015625,18.345204558223486,,,,2,2115
52,18.376707077026367,8.45830089996058e-12,2.9083157642162405e-06,16.3690185546875,1.4551915228366852e-11,0.1,20,0.0,18.345204558223486,,,,2,2115
53,18.376707077026367,6.8394001399851856e-12,2.615224730107002e-06,16.3690185546875,1.4551915228366852e-11,0.1,20,0.0,18.345204558223486,,,,2,2115
54,18.376707077026367,7.330527677928966e-12,2.707494786591269e-06,16.3690185546875,1.4551915228366852e-11,0.1,20,0.0,18.345204558223486,,,,2,2115
55,18.376707077026367,8.167262005587261e-12,2.8578422188729746e-06,16.3690185546875,1.4551915228366852e-11,0.1,20,0.0,18.345204558223486,,,,2,2115
56,18.376707077026367,8.130882252210814e-12,2.8514702989923535e-06,16.3690185546875,1.4551915228366852e-11,0.1,20,0.0,18.345204558223486,,,,2,2115
57,18.376707077026367,7.166818354054083e-12,2.677091288205702e-06,16.3690185546875,1.4551915228366852e-11,0.1,20,0.0,18.345204558223486,,,,2,2115
58,18.376707077026367,7.967173795697668e-12,2.8226181711943354e-06,16.3690185546875,1.4551915228366852e-11,0.1,20,0.0,18.345204558223486,,,,2,2115
59,18.376707077026367,8.822098433725056e-12,2.970201649077353e-06,16.3690185546875,1.4551915228366852e-11,0.1,20,0.0,18.345204558223486,,,,2,2115
60,18.376707077026367,7.894414288944773e-12,2.8096999358240282e-06,16.3690185546875,1.4551915228366852e-11,0.1,20,0.0,18.345204558223486,,,,2,2115
61,18.376707077026367,8.185452315956354e-12,2.86102294921875e-06,16.3690185546875,1.4551915228366852e-11,0.1,20,0.0,18.345204558223486,,,,2,2115
62,18.376707077026367,6.9485394001145284e-12,2.6360082756582415e-06,16.3690185546875,1.4551915228366852e-11,0.1,20,0.0,18.345204558223486,,,,2,2115
63,18.376707077026367,7.948983485328576e-12,2.819394239850226e-06,16.3690185546875,1.4551915228366852e-11,0.1,20,0.0,18.345204558223486,,,,2,2115
64,18.376707077026367,8.949428004223492e-12,2.991559540532762e-06,16.3690185546875,1.4551915228366852e-11,0.1,20,0.0,18.345204558223486,,,,2,2115
65,18.376707077026367,7.530615887818559e-12,2.7441967631602893e-06,16.3690185546875,1.4551915228366852e-11,0.1,20,0.0,18.345204558223486,,,,2,2115
66,18.376707077026367,8.294591576085697e-12,2.8800332074752077e-06,16.3690185546875,1.4551915228366852e-11,0.1,20,0.0,18.345204558223486,,,,2,2115
67,18.376707077026367,7.748895275438983e-12,2.7836838398798136e-06,16.3690185546875,1.4551915228366852e-11,0.1,20,0.0,18.345204558223486,,,,2,2115
68,18.376707077026367,6.675691249791171e-12,2.583735977168544e-06,16.3690185546875,1.4551915228366852e-11,0.1,20,0.0,18.345204558223486,,,,2,2115
69,18.376707077026367,6.3846527890987215e-12,2.5267870569223305e-06,16.3690185546875,1.4551915228366852e-11,0.1,20,0.0,18.345204558223486,,,,2,2115
70,18.376707077026367,7.694325211693442e-12,2.7738647077057976e-06,16.3690185546875,1.4551915228366852e-11,0.1,20,0.0,18.345204558223486,,,,2,2115
71,18.376707077026367,7.73070496506989e-12,2.7804144338006154e-06,16.3690185546875,1.4551915228366852e-11,0.1,20,0.0,18.345204558223486,,,,2,2115
72,18.376707077026367,6.457412295851617e-12,2.541143885537167e-06,16.3690185546875,1.4551915228366852e-11,0.1,20,0.0,18.345204558223486,,,,2,2115
73,18.376707077026367,7.094058847301188e-12,2.6634675123204943e-06,16.3690185546875,1.4551915228366852e-11,0.1,20,0.0,18.345204558223486,,,,2,2115
74,18.376707077026367,9.022187510976387e-12,3.0036956104595447e-06,16.3690185546875,1.4551915228366852e-11,0.1,20,0.0,18.345204558223486,,,,2,2115
75,18.376707077026367,8.039933302450564e-12,2.835477516782703e-06,16.3690185546875,1.4551915228366852e-11,0.1,20,0.0,18.345204558223486,,,,2,2115
76,18.376707077026367,8.421921146584133e-12,2.9020545753155602e-06,16.3690185546875,1.4551915228366852e-11,0.1,20,0.0,18.345204558223486,,,,2,2115
77,18.376707077026367,7.166818354054083e-12,2.677091288205702e-06,16.3690185546875,1.4551915228366852e-11,0.1,20,0.0,18.345204558223486,,,,2,2115
78,18.376708984375,1.9008438920109505e-11,4.3598670345090795e-06,16.3690185546875,1.4551915228366852e-11,0.1,20,1.9073486328125e-06,18.34520646557212,,,,2,2115
79,18.376707077026367,7.312337367559874e-12,2.7041332941735163e-06,16.3690185546875,1.4551915228366852e-11,0.1,20,-1.9073486328125e-06,18.345204558223486,,,,2,2115
80,18.376707077026367,8.039933302450564e-12,2.835477516782703e-06,16.3690185546875,1.4551915228366852e-11,0.1,20,0.0,18.345204558223486,,,,2,2115
81,18.376708984375,2.0263542580001292e-11,4.501504463405581e-06,16.3690185546875,1.4551915228366852e-11,0.1,20,1.9073486328125e-06,18.34520646557212,,,,2,2115
82,18.376707077026367,7.1304386006776355e-12,2.670288040462765e-06,16.3690185546875,1.4551915228366852e-11,0.1,20,-1.9073486328125e-06,18.345204558223486,,,,2,2115
83,18.376707077026367,7.239577860806978e-12,2.6906463972409256e-06,16.3690185546875,1.4551915228366852e-11,0.1,20,0.0,18.345204558223486,,,,2,2115
84,18.376707077026367,6.966729276802752e-12,2.6394561700726626e-06,16.3690185546875,1.4551915228366852e-11,0.1,20,0.0,18.345204558223486,,,,2,2115
85,18.376707077026367,7.294147924552519e-12,2.700767936403281e-06,16.3690185546875,1.4551915228366852e-11,0.1,20,0.0,18.345204558223486,,,,2,2115
86,18.376708984375,1.811713452870567e-11,4.25642292611883e-06,16.3690185546875,1.4551915228366852e-11,0.1,20,1.9073486328125e-06,18.34520646557212,,,,2,2115
87,18.376707077026367,7.366907431305414e-12,2.7142048111272743e-06,16.3690185546875,1.4551915228366852e-11,0.1,20,-1.9073486328125e-06,18.345204558223486,,,,2,2115
88,18.376707077026367,7.2213879841187545e-12,2.687263986445032e-06,16.3690185546875,1.4551915228366852e-11,0.1,20,0.0,18.345204558223486,,,,2,2115
89,18.376707077026367,7.05767909392474e-12,2.656629249031539e-06,16.3690185546875,1.4551915228366852e-11,0.1,20,0.0,18.345204558223486,,,,2,2115
90,18.376708984375,1.7644196867450113e-11,4.2004994611488655e-06,16.3690185546875,1.4551915228366852e-11,0.1,20,1.9073486328125e-06,18.34520646557212,,,,2,2115
91,18.376708984375,1.8317222738595262e-11,4.279862423572922e-06,16.3690185546875,1.4551915228366852e-11,0.1,20,0.0,18.34520646557212,,,,2,2115
92,18.376707077026367,8.221832069332802e-12,2.867373723347555e-06,16.3690185546875,1.4551915228366852e-11,0.1,20,-1.9073486328125e-06,18.345204558223486,,,,2,2115
93,18.376707077026367,6.8394001399851856e-12,2.615224730107002e-06,16.3690185546875,1.4551915228366852e-11,0.1,20,0.0,18.345204558223486,,,,2,2115
94,18.376707077026367,8.094502498834366e-12,2.845083827196504e-06,16.3690185546875,1.4551915228366852e-11,0.1,20,0.0,18.345204558223486,,,,2,2115
95,18.376707077026367,7.767084718446338e-12,2.7869489258591784e-06,16.3690185546875,1.4551915228366852e-11,0.1,20,0.0,18.345204558223486,,,,2,2115
96,18.376707077026367,6.457412295851617e-12,2.541143885537167e-06,16.3690185546875,1.4551915228366852e-11,0.1,20,0.0,18.345204558223486,,,,2,2115
97,18.376707077026367,6.8394001399851856e-12,2.615224730107002e-06,16.3690185546875,1.4551915228366852e-11,0.1,20,0.0,18.345204558223486,,,,2,2115
98,18.376707077026367,7.403287184681862e-12,2.720898237384972e-06,16.3690185546875,1.4551915228366852e-11,0.1,20,0.0,18.345204558223486,,,,2,2115
99,18.376707077026367,7.021298906867424e-12,2.6497734779695747e-06,16.3690185546875,1.4551915228366852e-11,0.1,20,0.0,18.345204558223486,,,,2,2115
100,18.376707077026367,9.385985044740863e-12,3.0636554129159776e-06,16.3690185546875,1.4551915228366852e-11,0.1,20,0.0,18.345204558223486,,,,2,2115
1,1.4289470911026,1.0568492412567139,1.0280317068099976,3.2867345809936523,0.5950990915298462,0.1,20,1.5066047012805939,1.5066047012805939,,,,3,5982
2,2.2676844596862793,1.419651985168457,1.1914914846420288,4.251197338104248,0.7577353119850159,0.1,20,0.8387373685836792,2.345342069864273,,,,3,5982
3,3.2913360595703125,1.307906150817871,1.1436372995376587,5.091281890869141,0.6874315142631531,0.1,20,1.0236515998840332,3.3689936697483063,,,,3,5982
4,3.8824446201324463,1.1022388935089111,1.0498756170272827,5.846343994140625,0.6067584753036499,0.1,20,0.5911085605621338,3.96010223031044,,,,3,5982
5,4.939363956451416,1.2243980169296265,1.106525182723999,6.867372989654541,0.5514480471611023,0.1,20,1.0569193363189697,5.01702156662941,,,,3,5982
6,5.685855388641357,0.8980133533477783,0.9476356506347656,7.527624130249023,0.4039801061153412,0.1,20,0.7464914321899414,5.763512998819351,,,,3,5982
7,6.3759989738464355,0.9801191687583923,0.9900096654891968,8.204229354858398,0.44622963666915894,0.1,20,0.6901435852050781,6.453656584024429,,,,3,5982
8,7.1586198806762695,0.4014345407485962,0.6335886120796204,9.056082725524902,0.2310781627893448,0.1,20,0.782620906829834,7.236277490854263,,,,3,5982
9,7.750236511230469,0.7243539690971375,0.8510898947715759,9.637317657470703,0.34692874550819397,0.1,20,0.5916166305541992,7.8278941214084625,,,,3,5982
10,8.398578643798828,0.7020589709281921,0.8378896117210388,10.35159683227539,0.3037360906600952,0.1,20,0.6483421325683594,8.476236253976822,,,,3,5982
11,8.983267784118652,0.45366570353507996,0.673547089099884,10.98518180847168,0.2202816903591156,0.1,20,0.5846891403198242,9.060925394296646,,,,3,5982
12,9.71455192565918,0.3787780702114105,0.6154494881629944,11.59581184387207,0.22154735028743744,0.1,20,0.7312841415405273,9.792209535837173,,,,3,5982
13,10.257709503173828,0.5040019750595093,0.709930956363678,12.191264152526855,0.23500442504882812,0.1,20,0.5431575775146484,10.335367113351822,,,,3,5982
14,10.902313232421875,0.6223441362380981,0.7888879179954529,12.792227745056152,0.256624311208725,0.1,20,0.6446037292480469,10.979970842599869,,,,3,5982
15,11.45535659790039,0.34245166182518005,0.5851936936378479,13.366137504577637,0.1653846800327301,0.1,20,0.5530433654785156,11.533014208078384,,,,3,5982
16,11.90056037902832,0.2525758743286133,0.5025692582130432,13.828948974609375,0.11647775769233704,0.1,20,0.4452037811279297,11.978217989206314,,,,3,5982
17,12.341750144958496,0.13803797960281372,0.3715346157550812,14.240910530090332,0.07391335070133209,0.1,20,0.4411897659301758,12.41940775513649,,,,3,5982
18,12.599011421203613,0.1854703575372696,0.43066269159317017,14.490540504455566,0.08323758095502853,0.1,20,0.2572612762451172,12.676669031381607,,,,3,5982
19,12.95848560333252,0.0901494026184082,0.3002488911151886,14.847770690917969,0.047369714826345444,0.1,20,0.35947418212890625,13.036143213510513,,,,3,5982
20,13.156095504760742,0.055082496255636215,0.23469661176204681,15.044261932373047,0.03324676677584648,0.1,20,0.19760990142822266,13.233753114938736,,,,3,5982
21,13.378446578979492,0.057255350053310394,0.23928090929985046,15.282038688659668,0.029315514490008354,0.1,20,0.22235107421875,13.456104189157486,,,,3,5982
22,13.599550247192383,0.061119165271520615,0.247222900390625,15.49960994720459,0.02953590452671051,0.1,20,0.22110366821289062,13.677207857370377,,,,3,5982
23,13.77612018585205,0.054108671844005585,0.2326127141714096,15.67895221710205,0.026589328423142433,0.1,20,0.17656993865966797,13.853777796030045,,,,3,5982
24,13.942951202392578,0.05883742496371269,0.24256427586078644,15.853382110595703,0.025936298072338104,0.1,20,0.16683101654052734,14.020608812570572,,,,3,5982
25,14.1239013671875,0.03066430613398552,0.1751122623682022,16.03243064880371,0.015643548220396042,0.1,20,0.18095016479492188,14.201558977365494,,,,3,5982
26,14.27440357208252,0.0425664521753788,0.20631638169288635,16.175155639648438,0.02101287618279457,0.1,20,0.15050220489501953,14.352061182260513,,,,3,5982
27,14.487208366394043,0.027915142476558685,0.16707825660705566,16.38558006286621,0.013721160590648651,0.1,20,0.21280479431152344,14.564865976572037,,,,3,5982
28,14.61361026763916,0.024713343009352684,0.1572047770023346,16.518253326416016,0.011018677614629269,0.1,20,0.1264019012451172,14.691267877817154,,,,3,5982
29,14.72665023803711,0.021336276084184647,0.14606942236423492,16.634077072143555,0.011761858128011227,0.1,20,0.11303997039794922,14.804307848215103,,,,3,5982
30,14.84998607635498,0.021096251904964447,0.1452454924583435,16.748291015625,0.009763659909367561,0.1,20,0.1233358383178711,14.927643686532974,,,,3,5982
31,14.958993911743164,0.009080592542886734,0.09529214352369308,16.86166000366211,0.00412242766469717,0.1,20,0.1090078353881836,15.036651521921158,,,,3,5982
32,15.021040916442871,0.006396266166120768,0.07997666299343109,16.925676345825195,0.003634718246757984,0.1,20,0.06204700469970703,15.098698526620865,,,,3,5982
33,15.090730667114258,0.0058114053681492805,0.07623257488012314,16.996034622192383,0.002988778054714203,0.1,20,0.06968975067138672,15.168388277292252,,,,3,5982
34,15.148530960083008,0.004845432471483946,0.0696091428399086,17.04991912841797,0.002228286350145936,0.1,20,0.05780029296875,15.226188570261002,,,,3,5982
35,15.19775390625,0.0016464069485664368,0.040575940161943436,17.096694946289062,0.0008816953632049263,0.1,20,0.04922294616699219,15.275411516427994,,,,3,5982
36,15.228861808776855,0.0002886844740714878,0.016990717500448227,17.129575729370117,0.0001756298152031377,0.1,20,0.03110790252685547,15.30651941895485,,,,3,5982
37,15.243200302124023,0.00010453674622112885,0.01022432092577219,17.14419174194336,5.8205561799695715e-05,0.1,20,0.014338493347167969,15.320857912302017,,,,3,5982
38,15.249540328979492,2.6740848625195213e-05,0.0051711555570364,17.150836944580078,1.3207430129114073e-05,0.1,20,0.00634002685546875,15.327197939157486,,,,3,5982
39,15.251108169555664,8.051522115692933e-08,0.0002837520441971719,17.152191162109375,4.446250301270993e-08,0.1,20,0.001567840576171875,15.328765779733658,,,,3,5982
40,15.251405715942383,1.795390858205792e-07,0.0004237205139361322,17.152481079101562,9.501451359028579e-08,0.1,20,0.00029754638671875,15.329063326120377,,,,3,5982
41,15.251791954040527,5.184346605346946e-07,0.0007200240506790578,17.152881622314453,2.8646422833844554e-07,0.1,20,0.00038623809814453125,15.329449564218521,,,,3,5982
42,15.252829551696777,2.8751001082127914e-06,0.0016956119798123837,17.153993606567383,1.2410861245371052e-06,0.1,20,0.00103759765625,15.330487161874771,,,,3,5982
43,15.2544584274292,8.71072245445248e-07,0.0009333125199191272,17.155555725097656,4.41735750200678e-07,0.1,20,0.001628875732421875,15.332116037607193,,,,3,5982
44,,,,17.155853271484375,0.0,0.1,20,,,,,,3,5982
45,,,,17.155853271484375,0.0,0.1,20,,,,,,3,5982
46,,,,17.155853271484375,0.0,0.1,20,,,,,,3,5982
47,,,,17.155853271484375,0.0,0.1,20,,,,,,3,5982
48,,,,17.155853271484375,0.0,0.1,20,,,,,,3,5982
49,,,,17.155853271484375,0.0,0.1,20,,,,,,3,5982
50,,,,17.155853271484375,0.0,0.1,20,,,,,,3,5982
51,,,,17.155853271484375,0.0,0.1,20,,,,,,3,5982
52,,,,17.155853271484375,0.0,0.1,20,,,,,,3,5982
53,,,,17.155853271484375,0.0,0.1,20,,,,,,3,5982
54,,,,17.155853271484375,0.0,0.1,20,,,,,,3,5982
55,,,,17.155853271484375,0.0,0.1,20,,,,,,3,5982
56,,,,17.155853271484375,0.0,0.1,20,,,,,,3,5982
57,,,,17.155853271484375,0.0,0.1,20,,,,,,3,5982
58,,,,17.155853271484375,0.0,0.1,20,,,,,,3,5982
59,,,,17.155853271484375,0.0,0.1,20,,,,,,3,5982
60,,,,17.155853271484375,0.0,0.1,20,,,,,,3,5982
61,,,,17.155853271484375,0.0,0.1,20,,,,,,3,5982
62,,,,17.155853271484375,0.0,0.1,20,,,,,,3,5982
63,,,,17.155853271484375,0.0,0.1,20,,,,,,3,5982
64,,,,17.155853271484375,0.0,0.1,20,,,,,,3,5982
65,,,,17.155853271484375,0.0,0.1,20,,,,,,3,5982
66,,,,17.155853271484375,0.0,0.1,20,,,,,,3,5982
67,,,,17.155853271484375,0.0,0.1,20,,,,,,3,5982
68,,,,17.155853271484375,0.0,0.1,20,,,,,,3,5982
69,,,,17.155853271484375,0.0,0.1,20,,,,,,3,5982
70,,,,17.155853271484375,0.0,0.1,20,,,,,,3,5982
71,,,,17.155853271484375,0.0,0.1,20,,,,,,3,5982
72,,,,17.155853271484375,0.0,0.1,20,,,,,,3,5982
73,,,,17.155853271484375,0.0,0.1,20,,,,,,3,5982
74,,,,17.155853271484375,0.0,0.1,20,,,,,,3,5982
75,,,,17.155853271484375,0.0,0.1,20,,,,,,3,5982
76,,,,17.155853271484375,0.0,0.1,20,,,,,,3,5982
77,,,,17.155853271484375,0.0,0.1,20,,,,,,3,5982
78,,,,17.155853271484375,0.0,0.1,20,,,,,,3,5982
79,,,,17.155853271484375,0.0,0.1,20,,,,,,3,5982
80,,,,17.155853271484375,0.0,0.1,20,,,,,,3,5982
81,,,,17.155853271484375,0.0,0.1,20,,,,,,3,5982
82,,,,17.155853271484375,0.0,0.1,20,,,,,,3,5982
83,,,,17.155853271484375,0.0,0.1,20,,,,,,3,5982
84,,,,17.155853271484375,0.0,0.1,20,,,,,,3,5982
85,,,,17.155853271484375,0.0,0.1,20,,,,,,3,5982
86,,,,17.155853271484375,0.0,0.1,20,,,,,,3,5982
87,,,,17.155853271484375,0.0,0.1,20,,,,,,3,5982
88,,,,17.155853271484375,0.0,0.1,20,,,,,,3,5982
89,,,,17.155853271484375,0.0,0.1,20,,,,,,3,5982
90,,,,17.155853271484375,0.0,0.1,20,,,,,,3,5982
91,,,,17.155853271484375,0.0,0.1,20,,,,,,3,5982
92,,,,17.155853271484375,0.0,0.1,20,,,,,,3,5982
93,,,,17.155853271484375,0.0,0.1,20,,,,,,3,5982
94,,,,17.155853271484375,0.0,0.1,20,,,,,,3,5982
95,,,,17.155853271484375,0.0,0.1,20,,,,,,3,5982
96,,,,17.155853271484375,0.0,0.1,20,,,,,,3,5982
97,,,,17.155853271484375,0.0,0.1,20,,,,,,3,5982
98,,,,17.155853271484375,0.0,0.1,20,,,,,,3,5982
99,,,,17.155853271484375,0.0,0.1,20,,,,,,3,5982
100,,,,17.155853271484375,0.0,0.1,20,,,,,,3,5982
1,1.1152806282043457,1.3896374702453613,1.1788288354873657,0.722908616065979,0.7267664074897766,0.1,20,1.2187218815088272,1.2187218815088272,,,,4,1309
2,2.0247011184692383,1.1158783435821533,1.0563514232635498,1.7206052541732788,0.5373189449310303,0.1,20,0.9094204902648926,2.12814237177372,,,,4,1309
3,3.0297436714172363,1.0453104972839355,1.0224043130874634,2.570472240447998,0.5520563721656799,0.1,20,1.005042552947998,3.133184924721718,,,,4,1309
4,3.600034475326538,1.639492392539978,1.2804266214370728,3.289921760559082,0.732635498046875,0.1,20,0.5702908039093018,3.7034757286310196,,,,4,1309
5,5.053506374359131,1.041559100151062,1.0205680131912231,4.651632785797119,0.5217783451080322,0.1,20,1.4534718990325928,5.156947627663612,,,,4,1309
6,5.940425872802734,1.1121301651000977,1.054575800895691,5.563271522521973,0.5919641852378845,0.1,20,0.8869194984436035,6.043867126107216,,,,4,1309
7,7.046613693237305,1.2002451419830322,1.0955569744110107,6.684311866760254,0.5336606502532959,0.1,20,1.1061878204345703,7.150054946541786,,,,4,1309
8,7.7943949699401855,0.8138831853866577,0.9021547436714172,7.452938079833984,0.47957322001457214,0.1,20,0.7477812767028809,7.897836223244667,,,,4,1309
9,8.504897117614746,0.5619957447052002,0.749663770198822,8.155502319335938,0.2893339693546295,0.1,20,0.7105021476745605,8.608338370919228,,,,4,1309
10,9.204815864562988,0.47992369532585144,0.6927652359008789,8.795889854431152,0.24822255969047546,0.1,20,0.6999187469482422,9.30825711786747,,,,4,1309
11,9.546544075012207,0.5940450429916382,0.770743191242218,9.243972778320312,0.26725268363952637,0.1,20,0.34172821044921875,9.649985328316689,,,,4,1309
12,10.194571495056152,0.4383182227611542,0.662056028842926,9.840646743774414,0.2032983899116516,0.1,20,0.6480274200439453,10.298012748360634,,,,4,1309
13,10.740859031677246,0.4163610339164734,0.6452604532241821,10.329838752746582,0.21901960670948029,0.1,20,0.5462875366210938,10.844300284981728,,,,4,1309
14,11.412367820739746,0.4429878294467926,0.6655732989311218,10.980461120605469,0.2059737741947174,0.1,20,0.6715087890625,11.515809074044228,,,,4,1309
15,11.90200424194336,0.45703235268592834,0.6760416626930237,11.55037784576416,0.1913047581911087,0.1,20,0.4896364212036133,12.00544549524784,,,,4,1309
16,12.526206016540527,0.29014092683792114,0.5386472940444946,12.089447021484375,0.13490483164787292,0.1,20,0.624201774597168,12.629647269845009,,,,4,1309
17,12.984642028808594,0.18355853855609894,0.42843732237815857,12.577981948852539,0.08679188787937164,0.1,20,0.4584360122680664,13.088083282113075,,,,4,1309
18,13.376932144165039,0.1717665046453476,0.41444721817970276,12.958012580871582,0.07958979159593582,0.1,20,0.3922901153564453,13.48037339746952,,,,4,1309
19,13.664158821105957,0.12398270517587662,0.3521117866039276,13.285346031188965,0.06812021136283875,0.1,20,0.28722667694091797,13.767600074410439,,,,4,1309
20,14.016022682189941,0.11163588613271713,0.3341195583343506,13.614983558654785,0.06113731861114502,0.1,20,0.3518638610839844,14.119463935494423,,,,4,1309
21,14.289311408996582,0.09823591262102127,0.31342607736587524,13.914628982543945,0.0539187528192997,0.1,20,0.2732887268066406,14.392752662301064,,,,4,1309
22,14.611262321472168,0.0740346610546112,0.27209311723709106,14.20101261138916,0.03635752946138382,0.1,20,0.32195091247558594,14.71470357477665,,,,4,1309
23,14.855913162231445,0.05910446494817734,0.24311409890651703,14.463000297546387,0.029158661141991615,0.1,20,0.24465084075927734,14.959354415535927,,,,4,1309
24,15.049691200256348,0.056166186928749084,0.23699405789375305,14.680766105651855,0.02837516739964485,0.1,20,0.19377803802490234,15.15313245356083,,,,4,1309
25,15.25592041015625,0.05362611263990402,0.23157311975955963,14.878646850585938,0.028146235272288322,0.1,20,0.20622920989990234,15.359361663460732,,,,4,1309
26,15.411111831665039,0.055518314242362976,0.23562324047088623,15.038777351379395,0.02442513406276703,0.1,20,0.15519142150878906,15.51455308496952,,,,4,1309
27,15.651406288146973,0.043722353875637054,0.2090989053249359,15.25390625,0.023101352155208588,0.1,20,0.2402944564819336,15.754847541451454,,,,4,1309
28,15.87191390991211,0.04821821674704552,0.21958646178245544,15.481822967529297,0.023758796975016594,0.1,20,0.22050762176513672,15.97535516321659,,,,4,1309
29,16.0545711517334,0.04728293791413307,0.21744640171527863,15.654645919799805,0.025707358494400978,0.1,20,0.18265724182128906,16.15801240503788,,,,4,1309
30,16.279361724853516,0.0391913540661335,0.19796806573867798,15.888179779052734,0.019488049671053886,0.1,20,0.2247905731201172,16.382802978157997,,,,4,1309
31,16.458017349243164,0.023896975442767143,0.15458646416664124,16.068124771118164,0.012508357875049114,0.1,20,0.17865562438964844,16.561458602547646,,,,4,1309
32,16.582456588745117,0.01595129817724228,0.1262984424829483,16.191734313964844,0.008100707083940506,0.1,20,0.12443923950195312,16.6858978420496,,,,4,1309
33,16.692686080932617,0.010937741957604885,0.10458365827798843,16.30658721923828,0.006058746948838234,0.1,20,0.1102294921875,16.7961273342371,,,,4,1309
34,16.77231216430664,0.014957279898226261,0.12229996174573898,16.38079833984375,0.006476840935647488,0.1,20,0.07962608337402344,16.875753417611122,,,,4,1309
35,16.852340698242188,0.01383134350180626,0.11760672926902771,16.470619201660156,0.006065560504794121,0.1,20,0.08002853393554688,16.95578195154667,,,,4,1309
36,16.95543670654297,0.012213446199893951,0.11051446199417114,16.572311401367188,0.005788574926555157,0.1,20,0.10309600830078125,17.05887795984745,,,,4,1309
37,17.0710506439209,0.010936133563518524,0.10457596927881241,16.683319091796875,0.005692940205335617,0.1,20,0.11561393737792969,17.17449189722538,,,,4,1309
38,17.15656089782715,0.005764605477452278,0.07592500001192093,16.775110244750977,0.003000273136422038,0.1,20,0.08551025390625,17.26000215113163,,,,4,1309
39,17.212751388549805,0.0025547719560563564,0.050544753670692444,16.82358169555664,0.0014085723087191582,0.1,20,0.05619049072265625,17.316192641854286,,,,4,1309
40,17.253141403198242,0.0005735406302846968,0.023948708549141884,16.863170623779297,0.0003111696569249034,0.1,20,0.0403900146484375,17.356582656502724,,,,4,1309
41,17.26573371887207,0.00041009829146787524,0.02025088295340538,16.87714195251465,0.00023165692982729524,0.1,20,0.012592315673828125,17.369174972176552,,,,4,1309
42,17.28611946105957,0.0005912579363211989,0.02431579679250717,16.89642333984375,0.0003015222027897835,0.1,20,0.0203857421875,17.389560714364052,,,,4,1309
43,17.310503005981445,0.0022811859380453825,0.04776176065206528,16.92569351196289,0.0011244172928854823,0.1,20,0.024383544921875,17.413944259285927,,,,4,1309
44,17.358068466186523,0.0019838460721075535,0.04454038664698601,16.96803855895996,0.0010497956536710262,0.1,20,0.047565460205078125,17.461509719491005,,,,4,1309
45,17.404190063476562,0.00213660579174757,0.04622343182563782,17.012968063354492,0.0011099412804469466,0.1,20,0.04612159729003906,17.507631316781044,,,,4,1309
46,17.435503005981445,0.004701979923993349,0.06857098639011383,17.051054000854492,0.0024079037830233574,0.1,20,0.03131294250488281,17.538944259285927,,,,4,1309
47,17.502038955688477,0.002599774394184351,0.050987981259822845,17.1165714263916,0.0011635897681117058,0.1,20,0.06653594970703125,17.605480208992958,,,,4,1309
48,17.541473388671875,0.0003547310479916632,0.018834305927157402,17.15250015258789,0.0001736120757414028,0.1,20,0.03943443298339844,17.644914641976357,,,,4,1309
49,17.548599243164062,4.974850526195951e-05,0.007053262088447809,17.160966873168945,2.3122125639929436e-05,0.1,20,0.0071258544921875,17.652040496468544,,,,4,1309
50,17.552480697631836,8.464417987852357e-06,0.0029093672055751085,17.164541244506836,3.881315024045762e-06,0.1,20,0.0038814544677734375,17.655921950936317,,,,4,1309
51,17.553865432739258,8.185452315956354e-12,2.86102294921875e-06,17.165769577026367,0.0,0.1,20,0.001384735107421875,17.65730668604374,,,,4,1309
52,17.553865432739258,7.87622397857568e-12,2.806461225191015e-06,17.165769577026367,0.0,0.1,20,0.0,17.65730668604374,,,,4,1309
53,17.553865432739258,7.67613490132435e-12,2.7705839329428272e-06,17.165769577026367,0.0,0.1,20,0.0,17.65730668604374,,,,4,1309
54,17.553865432739258,7.767084718446338e-12,2.7869489258591784e-06,17.165769577026367,0.0,0.1,20,0.0,17.65730668604374,,,,4,1309
55,17.553865432739258,6.875779893361633e-12,2.6221707685181173e-06,17.165769577026367,0.0,0.1,20,0.0,17.65730668604374,,,,4,1309
56,17.553865432739258,7.87622397857568e-12,2.806461225191015e-06,17.165769577026367,0.0,0.1,20,0.0,17.65730668604374,,,,4,1309
57,17.553865432739258,7.821654782191878e-12,2.796722128550755e-06,17.165769577026367,0.0,0.1,20,0.0,17.65730668604374,,,,4,1309
58,17.553865432739258,7.385096874312769e-12,2.7175535706192022e-06,17.165769577026367,0.0,0.1,20,0.0,17.65730668604374,,,,4,1309
59,17.553865432739258,8.149072562579907e-12,2.8546580779220676e-06,17.165769577026367,0.0,0.1,20,0.0,17.65730668604374,,,,4,1309
60,17.553865432739258,7.821654782191878e-12,2.796722128550755e-06,17.165769577026367,0.0,0.1,20,0.0,17.65730668604374,,,,4,1309
61,17.553865432739258,8.185452315956354e-12,2.86102294921875e-06,17.165769577026367,0.0,0.1,20,0.0,17.65730668604374,,,,4,1309
62,17.553865432739258,7.912603731952128e-12,2.8129350084782345e-06,17.165769577026367,0.0,0.1,20,0.0,17.65730668604374,,,,4,1309
63,17.553865432739258,7.639755147947902e-12,2.764010787359439e-06,17.165769577026367,0.0,0.1,20,0.0,17.65730668604374,,,,4,1309
64,17.553865432739258,7.166818354054083e-12,2.677091288205702e-06,17.165769577026367,0.0,0.1,20,0.0,17.65730668604374,,,,4,1309
65,17.55386734008789,3.892637514407715e-12,1.9729768609977327e-06,17.165769577026367,0.0,0.1,20,1.9073486328125e-06,17.657308593392372,,,,4,1309
66,17.553865432739258,7.203198107430531e-12,2.6838774829229806e-06,17.165769577026367,0.0,0.1,20,-1.9073486328125e-06,17.65730668604374,,,,4,1309
67,17.553865432739258,7.385096874312769e-12,2.7175535706192022e-06,17.165769577026367,0.0,0.1,20,0.0,17.65730668604374,,,,4,1309
68,17.553865432739258,7.385096874312769e-12,2.7175535706192022e-06,17.165769577026367,0.0,0.1,20,0.0,17.65730668604374,,,,4,1309
69,17.553865432739258,6.784830509920514e-12,2.6047707706311485e-06,17.165769577026367,0.0,0.1,20,0.0,17.65730668604374,,,,4,1309
70,17.553865432739258,8.385541393207685e-12,2.8957799713680288e-06,17.165769577026367,0.0,0.1,20,0.0,17.65730668604374,,,,4,1309
71,17.553865432739258,7.166818354054083e-12,2.677091288205702e-06,17.165769577026367,0.0,0.1,20,0.0,17.65730668604374,,,,4,1309
72,17.553865432739258,7.639755147947902e-12,2.764010787359439e-06,17.165769577026367,0.0,0.1,20,0.0,17.65730668604374,,,,4,1309
73,17.553865432739258,7.257767737495202e-12,2.6940244879369857e-06,17.165769577026367,0.0,0.1,20,0.0,17.65730668604374,,,,4,1309
74,17.553865432739258,6.803020386608738e-12,2.6082600470545003e-06,17.165769577026367,0.0,0.1,20,0.0,17.65730668604374,,,,4,1309
75,17.553865432739258,7.930794042321221e-12,2.8161664431536337e-06,17.165769577026367,0.0,0.1,20,0.0,17.65730668604374,,,,4,1309
76,17.553865432739258,7.257767737495202e-12,2.6940244879369857e-06,17.165769577026367,0.0,0.1,20,0.0,17.65730668604374,,,,4,1309
77,17.55386734008789,3.5652193003388177e-12,1.8881788719227188e-06,17.165769577026367,0.0,0.1,20,1.9073486328125e-06,17.657308593392372,,,,4,1309
78,17.553865432739258,7.2213879841187545e-12,2.687263986445032e-06,17.165769577026367,0.0,0.1,20,-1.9073486328125e-06,17.65730668604374,,,,4,1309
79,17.553865432739258,7.2213879841187545e-12,2.687263986445032e-06,17.165769577026367,0.0,0.1,20,0.0,17.65730668604374,,,,4,1309
80,17.553865432739258,7.403287184681862e-12,2.720898237384972e-06,17.165769577026367,0.0,0.1,20,0.0,17.65730668604374,,,,4,1309
81,17.553865432739258,7.0394887835556474e-12,2.653203409863636e-06,17.165769577026367,0.0,0.1,20,0.0,17.65730668604374,,,,4,1309
82,17.553865432739258,7.621565704940547e-12,2.760718416539021e-06,17.165769577026367,0.0,0.1,20,0.0,17.65730668604374,,,,4,1309
83,17.553865432739258,7.476046691434757e-12,2.734235977186472e-06,17.165769577026367,0.0,0.1,20,0.0,17.65730668604374,,,,4,1309
84,17.553865432739258,6.893969770049857e-12,2.6256370802002493e-06,17.165769577026367,0.0,0.1,20,0.0,17.65730668604374,,,,4,1309
85,17.55386734008789,3.819877573973951e-12,1.9544506812962936e-06,17.165769577026367,0.0,0.1,20,1.9073486328125e-06,17.657308593392372,,,,4,1309
86,17.553865432739258,7.112248723989412e-12,2.6668799364415463e-06,17.165769577026367,0.0,0.1,20,-1.9073486328125e-06,17.65730668604374,,,,4,1309
87,17.553865432739258,8.731149483964806e-12,2.954851879621856e-06,17.165769577026367,0.0,0.1,20,0.0,17.65730668604374,,,,4,1309
88,17.553865432739258,8.25821182270925e-12,2.8737104003084823e-06,17.165769577026367,0.0,0.1,20,0.0,17.65730668604374,,,,4,1309
89,17.553865432739258,6.675691249791171e-12,2.583735977168544e-06,17.165769577026367,0.0,0.1,20,0.0,17.65730668604374,,,,4,1309
90,17.553865432739258,7.021298906867424e-12,2.6497734779695747e-06,17.165769577026367,0.0,0.1,20,0.0,17.65730668604374,,,,4,1309
91,17.55386734008789,3.9653970211606104e-12,1.9913304640795104e-06,17.165769577026367,0.0,0.1,20,1.9073486328125e-06,17.657308593392372,,,,4,1309
92,17.553865432739258,8.54924984972083e-12,2.923909960372839e-06,17.165769577026367,0.0,0.1,20,-1.9073486328125e-06,17.65730668604374,,,,4,1309
93,17.553865432739258,6.675691249791171e-12,2.583735977168544e-06,17.165769577026367,0.0,0.1,20,0.0,17.65730668604374,,,,4,1309
94,17.553865432739258,6.966729276802752e-12,2.6394561700726626e-06,17.165769577026367,0.0,0.1,20,0.0,17.65730668604374,,,,4,1309
95,17.553865432739258,8.185452315956354e-12,2.86102294921875e-06,17.165769577026367,0.0,0.1,20,0.0,17.65730668604374,,,,4,1309
96,17.553865432739258,7.87622397857568e-12,2.806461225191015e-06,17.165769577026367,0.0,0.1,20,0.0,17.65730668604374,,,,4,1309
97,17.553865432739258,8.021742992081471e-12,2.8322681373538217e-06,17.165769577026367,0.0,0.1,20,0.0,17.65730668604374,,,,4,1309
98,17.553865432739258,8.731149483964806e-12,2.954851879621856e-06,17.165769577026367,0.0,0.1,20,0.0,17.65730668604374,,,,4,1309
99,17.553865432739258,7.894414288944773e-12,2.8096999358240282e-06,17.165769577026367,0.0,0.1,20,0.0,17.65730668604374,,,,4,1309
100,17.553865432739258,8.330971329462145e-12,2.886342144847731e-06,17.165769577026367,0.0,0.1,20,0.0,17.65730668604374,,,,4,1309
1,1.5226167440414429,1.228452205657959,1.1083556413650513,3.1738905906677246,0.650572657585144,0.1,20,1.5976732596755028,1.5976732596755028,,,,5,2488
2,2.561758041381836,0.9351624846458435,0.9670379757881165,4.134905815124512,0.4112878143787384,0.1,20,1.039141297340393,2.636814557015896,,,,5,2488
3,3.153815746307373,0.9383730292320251,0.9686965346336365,4.707250118255615,0.40516456961631775,0.1,20,0.5920577049255371,3.228872261941433,,,,5,2488
4,3.87182354927063,0.6963150501251221,0.8344549536705017,5.4755096435546875,0.3469456136226654,0.1,20,0.7180078029632568,3.94688006490469,,,,5,2488
5,4.588911056518555,0.6681161522865295,0.8173837065696716,6.221258640289307,0.369939386844635,0.1,20,0.7170875072479248,4.663967572152615,,,,5,2488
6,5.353188991546631,0.6465132236480713,0.8040604591369629,6.934013366699219,0.3310643136501312,0.1,20,0.7642779350280762,5.428245507180691,,,,5,2488
7,6.091923713684082,0.7532830238342285,0.8679187893867493,7.713609218597412,0.36072346568107605,0.1,20,0.7387347221374512,6.166980229318142,,,,5,2488
8,6.850235939025879,0.7254714965820312,0.851746141910553,8.457905769348145,0.36469539999961853,0.1,20,0.7583122253417969,6.925292454659939,,,,5,2488
9,7.805092811584473,0.6587113738059998,0.8116103410720825,9.341336250305176,0.34230750799179077,0.1,20,0.9548568725585938,7.880149327218533,,,,5,2488
10,8.426384925842285,0.6148395538330078,0.7841170430183411,10.057036399841309,0.27708375453948975,0.1,20,0.6212921142578125,8.501441441476345,,,,5,2488
11,9.124127388000488,0.34591183066368103,0.5881426930427551,10.743553161621094,0.19403915107250214,0.1,20,0.6977424621582031,9.199183903634548,,,,5,2488
12,9.631560325622559,0.257404625415802,0.5073506236076355,11.246025085449219,0.13342440128326416,0.1,20,0.5074329376220703,9.706616841256618,,,,5,2488
13,10.061470031738281,0.22932766377925873,0.47888168692588806,11.716134071350098,0.11766914278268814,0.1,20,0.42990970611572266,10.136526547372341,,,,5,2488
14,10.629862785339355,0.25088298320770264,0.5008822083473206,12.206222534179688,0.12676292657852173,0.1,20,0.5683927536010742,10.704919300973415,,,,5,2488
15,10.977108001708984,0.22337250411510468,0.47262299060821533,12.59878921508789,0.10574985295534134,0.1,20,0.3472452163696289,11.052164517343044,,,,5,2488
16,11.363325119018555,0.2410449981689453,0.490963339805603,12.965700149536133,0.1041015088558197,0.1,20,0.3862171173095703,11.438381634652615,,,,5,2488
17,11.60085391998291,0.1563226580619812,0.395376592874527,13.251884460449219,0.08004036545753479,0.1,20,0.23752880096435547,11.67591043561697,,,,5,2488
18,11.918449401855469,0.12142425775527954,0.3484598398208618,13.541221618652344,0.0589669831097126,0.1,20,0.3175954818725586,11.993505917489529,,,,5,2488
19,12.1807222366333,0.11846587806940079,0.34418871998786926,13.809141159057617,0.06345949321985245,0.1,20,0.26227283477783203,12.25577875226736,,,,5,2488
20,12.422310829162598,0.10789738595485687,0.3284773826599121,14.024134635925293,0.051606230437755585,0.1,20,0.24158859252929688,12.497367344796658,,,,5,2488
21,12.63569164276123,0.0738622322678566,0.27177608013153076,14.26529312133789,0.03648237884044647,0.1,20,0.2133808135986328,12.71074815839529,,,,5,2488
22,12.856032371520996,0.04857264459133148,0.22039201855659485,14.46660327911377,0.027446795254945755,0.1,20,0.22034072875976562,12.931088887155056,,,,5,2488
23,13.016812324523926,0.061913490295410156,0.24882420897483826,14.6296968460083,0.03116689994931221,0.1,20,0.1607799530029297,13.091868840157986,,,,5,2488
24,13.246000289916992,0.05481824278831482,0.23413296043872833,14.848608016967773,0.026063771918416023,0.1,20,0.2291879653930664,13.321056805551052,,,,5,2488
25,13.458623886108398,0.04197600856423378,0.2048804759979248,15.061842918395996,0.0199996717274189,0.1,20,0.21262359619140625,13.533680401742458,,,,5,2488
26,13.639362335205078,0.029252946376800537,0.17103493213653564,15.24986743927002,0.015817055478692055,0.1,20,0.1807384490966797,13.714418850839138,,,,5,2488
27,13.800456047058105,0.02965463139116764,0.17220519483089447,15.40218734741211,0.015160989947617054,0.1,20,0.16109371185302734,13.875512562692165,,,,5,2488
28,13.940893173217773,0.0236845463514328,0.15389783680438995,15.554060935974121,0.01100898627191782,0.1,20,0.14043712615966797,14.015949688851833,,,,5,2488
29,14.086626052856445,0.025564484298229218,0.15988896787166595,15.690923690795898,0.011630410328507423,0.1,20,0.14573287963867188,14.161682568490505,,,,5,2488
30,14.21480941772461,0.02509714849293232,0.15842080116271973,15.825339317321777,0.010642156936228275,0.1,20,0.12818336486816406,14.28986593335867,,,,5,2488
31,14.338390350341797,0.015931377187371254,0.12621955573558807,15.941421508789062,0.007859277538955212,0.1,20,0.1235809326171875,14.413446865975857,,,,5,2488
32,14.431751251220703,0.010327172465622425,0.10162269324064255,16.05586051940918,0.005163386929780245,0.1,20,0.09336090087890625,14.506807766854763,,,,5,2488
33,14.522963523864746,0.010524081066250801,0.10258694738149643,16.137441635131836,0.0050534773617982864,0.1,20,0.09121227264404297,14.598020039498806,,,,5,2488
34,14.603995323181152,0.0031898869201540947,0.056479085236787796,16.217355728149414,0.0016346520278602839,0.1,20,0.08103179931640625,14.679051838815212,,,,5,2488
35,14.639762878417969,0.0011606481857597828,0.034068286418914795,16.2518253326416,0.0006719724624417722,0.1,20,0.035767555236816406,14.714819394052029,,,,5,2488
36,14.662616729736328,0.000593115109950304,0.024353954941034317,16.2758731842041,0.0002755347522906959,0.1,20,0.022853851318359375,14.737673245370388,,,,5,2488
37,14.685185432434082,0.00043260384700261056,0.02079913020133972,16.29510498046875,0.00019581870583351701,0.1,20,0.022568702697753906,14.760241948068142,,,,5,2488
38,14.700395584106445,0.0002568221534602344,0.016025671735405922,16.312891006469727,0.00013306117034517229,0.1,20,0.015210151672363281,14.775452099740505,,,,5,2488
39,14.714594841003418,0.00022521225037053227,0.015007073059678078,16.326417922973633,0.00012090554810129106,0.1,20,0.014199256896972656,14.789651356637478,,,,5,2488
40,14.725796699523926,3.520513928378932e-05,0.005933391861617565,16.33755874633789,1.9742443328141235e-05,0.1,20,0.011201858520507812,14.800853215157986,,,,5,2488
41,14.727510452270508,2.2337189389820544e-11,4.726223778561689e-06,16.33935546875,5.820766091346741e-11,0.1,20,0.0017137527465820312,14.802566967904568,,,,5,2488
42,14.727510452270508,2.224169286246802e-11,4.716109742730623e-06,16.33935546875,5.820766091346741e-11,0.1,20,0.0,14.802566967904568,,,,5,2488
43,14.727509498596191,2.628439653429293e-11,5.126831183588365e-06,16.33935546875,5.820766091346741e-11,0.1,20,-9.5367431640625e-07,14.802566014230251,,,,5,2488
44,14.727510452270508,2.2364474855374183e-11,4.7291091505030636e-06,16.33935546875,5.820766091346741e-11,0.1,20,9.5367431640625e-07,14.802566967904568,,,,5,2488
45,14.727510452270508,2.0909282985592803e-11,4.572666966851102e-06,16.33935546875,5.820766091346741e-11,0.1,20,0.0,14.802566967904568,,,,5,2488
46,14.727509498596191,2.8403519120034915e-11,5.329495252226479e-06,16.33935546875,5.820766091346741e-11,0.1,20,-9.5367431640625e-07,14.802566014230251,,,,5,2488
47,14.727509498596191,2.5870576514375188e-11,5.08631273987703e-06,16.33935546875,5.820766091346741e-11,0.1,20,0.0,14.802566014230251,,,,5,2488
48,14.727511405944824,1.7889760853262437e-11,4.229628757457249e-06,16.33935546875,5.820766091346741e-11,0.1,20,1.9073486328125e-06,14.802567921578884,,,,5,2488
49,14.727509498596191,3.254626776416636e-11,5.704933755623642e-06,16.33935546875,5.820766091346741e-11,0.1,20,-1.9073486328125e-06,14.802566014230251,,,,5,2488
50,14.727511405944824,2.0854713789209e-11,4.566696134133963e-06,16.33935546875,5.820766091346741e-11,0.1,20,1.9073486328125e-06,14.802567921578884,,,,5,2488
51,14.727510452270508,2.0172592762879304e-11,4.491390882321866e-06,16.33935546875,5.820766091346741e-11,0.1,20,-9.5367431640625e-07,14.802566967904568,,,,5,2488
52,14.727511405944824,1.6843842293168265e-11,4.104124855075497e-06,16.33935546875,5.820766091346741e-11,0.1,20,9.5367431640625e-07,14.802567921578884,,,,5,2488
53,14.727511405944824,2.386514076635482e-11,4.885196176473983e-06,16.33935546875,5.820766091346741e-11,0.1,20,0.0,14.802567921578884,,,,5,2488
54,14.727510452270508,2.350588994282088e-11,4.8482875172339845e-06,16.33935546875,5.820766091346741e-11,0.1,20,-9.5367431640625e-07,14.802566967904568,,,,5,2488
55,14.727510452270508,2.1404957667447988e-11,4.6265490709629375e-06,16.33935546875,5.820766091346741e-11,0.1,20,0.0,14.802566967904568,,,,5,2488
56,14.727510452270508,2.150045419480051e-11,4.636858193407534e-06,16.33935546875,5.820766091346741e-11,0.1,20,0.0,14.802566967904568,,,,5,2488
57,14.727511405944824,1.6430022273250522e-11,4.0533964238420594e-06,16.33935546875,5.820766091346741e-11,0.1,20,9.5367431640625e-07,14.802567921578884,,,,5,2488
58,14.727510452270508,2.1996128876655696e-11,4.690003152063582e-06,16.33935546875,5.820766091346741e-11,0.1,20,-9.5367431640625e-07,14.802566967904568,,,,5,2488
59,14.727509498596191,3.04908112647162e-11,5.521848379430594e-06,16.33935546875,5.820766091346741e-11,0.1,20,-9.5367431640625e-07,14.802566014230251,,,,5,2488
60,14.727509498596191,3.1818672696637407e-11,5.640804374706931e-06,16.33935546875,5.820766091346741e-11,0.1,20,0.0,14.802566014230251,,,,5,2488
61,14.727510452270508,2.003616890455806e-11,4.4761777644453105e-06,16.33935546875,5.820766091346741e-11,0.1,20,9.5367431640625e-07,14.802566967904568,,,,5,2488
62,14.727510452270508,2.6288944979246942e-11,5.127274562255479e-06,16.33935546875,5.820766091346741e-11,0.1,20,0.0,14.802566967904568,,,,5,2488
63,14.727510452270508,2.0586412782797048e-11,4.537225322565064e-06,16.33935546875,5.820766091346741e-11,0.1,20,0.0,14.802566967904568,,,,5,2488
64,14.727511405944824,2.04272501691527e-11,4.5196516111900564e-06,16.33935546875,5.820766091346741e-11,0.1,20,9.5367431640625e-07,14.802567921578884,,,,5,2488
65,14.727510452270508,2.567503501471613e-11,5.067053734819638e-06,16.33935546875,5.820766091346741e-11,0.1,20,-9.5367431640625e-07,14.802566967904568,,,,5,2488
66,14.727511405944824,1.6366357921682173e-11,4.045535661134636e-06,16.33935546875,5.820766091346741e-11,0.1,20,9.5367431640625e-07,14.802567921578884,,,,5,2488
67,14.727510452270508,2.57796266972532e-11,5.077364221506286e-06,16.33935546875,5.820766091346741e-11,0.1,20,-9.5367431640625e-07,14.802566967904568,,,,5,2488
68,14.727509498596191,2.6466296168536907e-11,5.144540409673937e-06,16.33935546875,5.820766091346741e-11,0.1,20,-9.5367431640625e-07,14.802566014230251,,,,5,2488
69,14.727510452270508,2.1263985364172733e-11,4.6112891141092405e-06,16.33935546875,5.820766091346741e-11,0.1,20,9.5367431640625e-07,14.802566967904568,,,,5,2488
70,14.727510452270508,2.2105269004146777e-11,4.701624220615486e-06,16.33935546875,5.820766091346741e-11,0.1,20,0.0,14.802566967904568,,,,5,2488
71,14.727509498596191,2.6975612715807173e-11,5.193805009184871e-06,16.33935546875,5.820766091346741e-11,0.1,20,-9.5367431640625e-07,14.802566014230251,,,,5,2488
72,14.727511405944824,1.7516868164313415e-11,4.185315901850117e-06,16.33935546875,5.820766091346741e-11,0.1,20,1.9073486328125e-06,14.802567921578884,,,,5,2488
73,14.727511405944824,1.8376340379933076e-11,4.286763214622624e-06,16.33935546875,5.820766091346741e-11,0.1,20,0.0,14.802567921578884,,,,5,2488
74,14.727511405944824,2.0590959493027583e-11,4.537726454145741e-06,16.33935546875,5.820766091346741e-11,0.1,20,0.0,14.802567921578884,,,,5,2488
75,14.727509498596191,2.8667273416216332e-11,5.354182576411404e-06,16.33935546875,5.820766091346741e-11,0.1,20,-1.9073486328125e-06,14.802566014230251,,,,5,2488
76,14.727510452270508,2.5411282453258188e-11,5.040960331825772e-06,16.33935546875,5.820766091346741e-11,0.1,20,9.5367431640625e-07,14.802566967904568,,,,5,2488
77,14.727510452270508,2.5547706311579432e-11,5.054474058852065e-06,16.33935546875,5.820766091346741e-11,0.1,20,0.0,14.802566967904568,,,,5,2488
78,14.727510452270508,2.2087078693777684e-11,4.699689270637464e-06,16.33935546875,5.820766091346741e-11,0.1,20,0.0,14.802566967904568,,,,5,2488
79,14.727509498596191,2.4092514441798052e-11,4.908412392978789e-06,16.33935546875,5.820766091346741e-11,0.1,20,-9.5367431640625e-07,14.802566014230251,,,,5,2488
80,14.727510452270508,2.3374014529453646e-11,4.834667834074935e-06,16.33935546875,5.820766091346741e-11,0.1,20,9.5367431640625e-07,14.802566967904568,,,,5,2488
81,14.727509498596191,3.044533375406999e-11,5.5177288231789134e-06,16.33935546875,5.820766091346741e-11,0.1,20,-9.5367431640625e-07,14.802566014230251,,,,5,2488
82,14.727510452270508,2.312390209868731e-11,4.808731773664476e-06,16.33935546875,5.820766091346741e-11,0.1,20,9.5367431640625e-07,14.802566967904568,,,,5,2488
83,14.727510452270508,2.312390209868731e-11,4.808731773664476e-06,16.33935546875,5.820766091346741e-11,0.1,20,0.0,14.802566967904568,,,,5,2488
84,14.727509498596191,2.776232542467394e-11,5.268996574159246e-06,16.33935546875,5.820766091346741e-11,0.1,20,-9.5367431640625e-07,14.802566014230251,,,,5,2488
85,14.727509498596191,2.5547706311579432e-11,5.054474058852065e-06,16.33935546875,5.820766091346741e-11,0.1,20,0.0,14.802566014230251,,,,5,2488
86,14.727509498596191,2.9094735301549157e-11,5.393953415477881e-06,16.33935546875,5.820766091346741e-11,0.1,20,0.0,14.802566014230251,,,,5,2488
87,14.727510452270508,2.243723436212708e-11,4.7367957449750975e-06,16.33935546875,5.820766091346741e-11,0.1,20,9.5367431640625e-07,14.802566967904568,,,,5,2488
88,14.727510452270508,2.538399698770455e-11,5.038253220845945e-06,16.33935546875,5.820766091346741e-11,0.1,20,0.0,14.802566967904568,,,,5,2488
89,14.727510452270508,2.241449734152745e-11,4.734395133709768e-06,16.33935546875,5.820766091346741e-11,0.1,20,0.0,14.802566967904568,,,,5,2488
90,14.727510452270508,1.9417712229796713e-11,4.4065532165404875e-06,16.33935546875,5.820766091346741e-11,0.1,20,0.0,14.802566967904568,,,,5,2488
91,14.727510452270508,2.1927917814856812e-11,4.682725375459995e-06,16.33935546875,5.820766091346741e-11,0.1,20,0.0,14.802566967904568,,,,5,2488
92,14.727509498596191,2.4660948630406132e-11,4.965979314874858e-06,16.33935546875,5.820766091346741e-11,0.1,20,-9.5367431640625e-07,14.802566014230251,,,,5,2488
93,14.727510452270508,2.301931041615024e-11,4.797844212589553e-06,16.33935546875,5.820766091346741e-11,0.1,20,9.5367431640625e-07,14.802566967904568,,,,5,2488
94,14.727510452270508,2.986325770004683e-11,5.464728474180447e-06,16.33935546875,5.820766091346741e-11,0.1,20,0.0,14.802566967904568,,,,5,2488
95,14.727510452270508,2.4915607771403003e-11,4.9915538511413615e-06,16.33935546875,5.820766091346741e-11,0.1,20,0.0,14.802566967904568,,,,5,2488
96,14.727510452270508,2.2787390030476473e-11,4.773613909492269e-06,16.33935546875,5.820766091346741e-11,0.1,20,0.0,14.802566967904568,,,,5,2488
97,14.727510452270508,2.2168933355715126e-11,4.708389496954624e-06,16.33935546875,5.820766091346741e-11,0.1,20,0.0,14.802566967904568,,,,5,2488
98,14.727510452270508,2.0154402452510212e-11,4.489365437621018e-06,16.33935546875,5.820766091346741e-11,0.1,20,0.0,14.802566967904568,,,,5,2488
99,14.727509498596191,3.452441804663309e-11,5.8757482293003704e-06,16.33935546875,5.820766091346741e-11,0.1,20,-9.5367431640625e-07,14.802566014230251,,,,5,2488
100,14.727510452270508,2.5625012528562863e-11,5.0621156333363615e-06,16.33935546875,5.820766091346741e-11,0.1,20,9.5367431640625e-07,14.802566967904568,,,,5,2488
